Image_Name,Predicted_Label
100.png,CLEAN_CRACK
101.png,CRACK
102.png,BRIDGE
103.png,OPEN
104.png,OTHERS
105.png,PARTICLE
106.png,CMP
107.png,CLEAN_CRACK
108.png,BRIDGE
109.png,CRACK
110.png,CMP
111.png,LER
113.png,BRIDGE
114.png,CLEAN_LAYER
115.png,CMP
116.png,BRIDGE
117.png,BRIDGE
119.png,CLEAN_CRACK
121.png,CMP
122.png,BRIDGE
124.png,OPEN
125.png,OPEN
127.png,PARTICLE
128.png,OPEN
129.png,OTHERS
130.png,OPEN
131.png,OPEN
132.png,BRIDGE
133.png,BRIDGE
134.png,LER
135.png,BRIDGE
136.png,CLEAN_CRACK
138.png,OTHERS
140.png,BRIDGE
141.png,BRIDGE
142.png,LER
143.png,LER
144.png,OTHERS
145.png,OTHERS
147.png,CLEAN_VIA
148.png,OTHERS
150.png,LER
151.png,OTHERS
152.png,BRIDGE
153.png,OTHERS
154.png,OTHERS
155.png,CLEAN_LAYER
157.png,LER
158.png,OTHERS
160.png,CRACK
161.png,CMP
162.png,OPEN
163.png,BRIDGE
165.png,CMP
166.png,CLEAN_VIA
168.png,OPEN
169.png,BRIDGE
170.png,BRIDGE
171.png,CLEAN_VIA
172.png,CRACK
173.png,OPEN
174.png,OTHERS
175.png,CRACK
176.png,LER
177.png,CMP
178.png,CLEAN_LAYER
179.png,OTHERS
180.png,OTHERS
181.png,OTHERS
182.png,CLEAN_CRACK
183.png,OTHERS
185.png,LER
187.png,PARTICLE
188.png,VIA
190.png,OTHERS
191.png,OTHERS
192.png,CLEAN_CRACK
193.png,CRACK
195.png,BRIDGE
196.png,OTHERS
197.png,CRACK
198.png,BRIDGE
199.png,CLEAN_VIA
202.png,BRIDGE
203.png,BRIDGE
204.png,BRIDGE
207.png,CLEAN_VIA
208.png,CMP
209.png,CLEAN_VIA
210.png,VIA
211.png,OPEN
212.png,CLEAN_LAYER
213.png,CLEAN_CRACK
215.png,OTHERS
216.png,CRACK
217.png,CLEAN_LAYER
218.png,BRIDGE
219.png,BRIDGE
220.png,CMP
221.png,CLEAN_LAYER
222.png,BRIDGE
223.png,CMP
224.png,BRIDGE
225.png,OPEN
227.png,CLEAN_CRACK
229.png,OTHERS
230.png,CRACK
233.png,LER
234.png,OPEN
235.png,CMP
236.png,CLEAN_LAYER
238.png,BRIDGE
239.png,BRIDGE
239_1.png,CRACK
241.png,CLEAN_LAYER
242.png,CLEAN_CRACK
243.png,BRIDGE
244.png,PARTICLE
245.png,OTHERS
247.png,CLEAN_VIA
248.png,LER
249.png,CLEAN_LAYER
250.png,LER
251.png,CMP
252.png,BRIDGE
253.png,OTHERS
254.png,CRACK
255.png,BRIDGE
256.png,CLEAN_LAYER
257.png,VIA
258.png,OTHERS
259.png,OPEN
260.png,CLEAN_CRACK
262.png,CRACK
263.png,CMP
265.png,CRACK
266.png,VIA
267.png,PARTICLE
268.png,OPEN
269.png,BRIDGE
270.png,BRIDGE
271.png,CRACK
272.png,OTHERS
273.png,OPEN
274.png,CMP
275.png,CMP
278.png,BRIDGE
280.png,PARTICLE
282.png,CLEAN_CRACK
283.png,OTHERS
285.png,CLEAN_LAYER
286.png,LER
287.png,LER
288.png,OPEN
289.png,CMP
290.png,CLEAN_LAYER
291.png,BRIDGE
293.png,BRIDGE
294.png,CLEAN_CRACK
295.png,CMP
296.png,BRIDGE
297.png,BRIDGE
300.png,CMP
301.png,CLEAN_CRACK
302.png,OPEN
304.png,CLEAN_CRACK
305.png,OPEN
306.png,PARTICLE
307.png,OTHERS
308.png,CMP
309.png,LER
310.png,CLEAN_LAYER
311.png,BRIDGE
312.png,CLEAN_LAYER
313.png,PARTICLE
314.png,OTHERS
315.png,CLEAN_CRACK
317.png,CLEAN_VIA
319.png,CLEAN_LAYER
320.png,CMP
322.png,CLEAN_LAYER
324.png,OTHERS
325.png,CRACK
326.png,PARTICLE
327.png,VIA
328.png,CRACK
329.png,BRIDGE
331.png,LER
332.png,CLEAN_CRACK
334.png,OTHERS
335.png,BRIDGE
336.png,OTHERS
337.png,LER
338.png,CLEAN_LAYER
339.png,OPEN
341.png,CLEAN_CRACK
342.png,LER
343.png,CLEAN_CRACK
345.png,CLEAN_LAYER
347.png,OPEN
348.png,OTHERS
349.png,LER
350.png,CLEAN_VIA
351.png,PARTICLE
352.png,CLEAN_VIA
353.png,OPEN
354.png,CMP
355.png,OPEN
356.png,LER
357.png,CLEAN_LAYER
358.png,VIA
359.png,VIA
360.png,BRIDGE
361.png,LER
362.png,OPEN
365.png,BRIDGE
366.png,CLEAN_CRACK
367.png,CLEAN_VIA
369.png,VIA
370.png,CRACK
372.png,CMP
373.png,BRIDGE
375.png,LER
376.png,OTHERS
377.png,OPEN
378.png,OTHERS
379.png,BRIDGE
380.png,BRIDGE
381.png,LER
382.png,CRACK
383.png,CLEAN_LAYER
384.png,CLEAN_CRACK
385.png,BRIDGE
386.png,CMP
387.png,CRACK
388.png,PARTICLE
389.png,CMP
390.png,BRIDGE
391.png,PARTICLE
392.png,OTHERS
393.png,OPEN
396.png,CRACK
397.png,CRACK
398.png,BRIDGE
399.png,BRIDGE
400.png,CLEAN_CRACK
402.png,BRIDGE
403.png,CLEAN_VIA
404.png,LER
405.png,OPEN
406.png,CLEAN_CRACK
407.png,BRIDGE
408.png,OTHERS
409.png,CMP
410.png,OTHERS
412.png,CLEAN_CRACK
415.png,CMP
416.png,OTHERS
417.png,CLEAN_LAYER
418.png,PARTICLE
419.png,CLEAN_LAYER
420.png,CRACK
422.png,OPEN
423.png,OTHERS
424.png,LER
425.png,OTHERS
426.png,CLEAN_CRACK
427.png,CLEAN_VIA
428.png,PARTICLE
430.png,CLEAN_LAYER
431.png,OPEN
432.png,PARTICLE
433.png,CRACK
434.png,OTHERS
435.png,VIA
436.png,VIA
438.png,CMP
439.png,VIA
440.png,OTHERS
441.png,CMP
442.png,CMP
443.png,BRIDGE
444.png,OTHERS
445.png,LER
446.png,CMP
447.png,VIA
448.png,CMP
449.png,CLEAN_LAYER
450.png,CLEAN_CRACK
452.png,BRIDGE
454.png,OTHERS
455.png,VIA
456.png,LER
457.png,CLEAN_VIA
458.png,LER
459.png,CLEAN_LAYER
460.png,OPEN
461.png,BRIDGE
462.png,CLEAN_CRACK
463.png,CMP
464.png,OTHERS
465.png,CRACK
466.png,LER
467.png,CMP
468.png,CLEAN_VIA
469.png,CMP
470.png,CLEAN_VIA
471.png,CRACK
472.png,OPEN
473.png,BRIDGE
475.png,CRACK
476.png,OPEN
477.png,CLEAN_LAYER
479.png,BRIDGE
480.png,LER
481.png,LER
483.png,CLEAN_LAYER
485.png,OPEN
487.png,PARTICLE
488.png,CLEAN_VIA
489.png,BRIDGE
490.png,CLEAN_LAYER
491.png,VIA
492.png,CMP
493.png,CLEAN_VIA
494.png,OTHERS
495.png,CMP
496.png,CLEAN_LAYER
497.png,BRIDGE
498.png,PARTICLE
500.png,CLEAN_VIA
